<Configuration>
<Add OfficeClientEdition="64">
    <Product ID="ProplusRetail">
      <Language ID="zh-CN" />
      <ExcludeApp ID="Access" />
      <ExcludeApp ID="Publisher" />
      <ExcludeApp ID="Groove" />
      <ExcludeApp ID="Lync" />
      <ExcludeApp ID="OneNote" />
      <ExcludeApp ID="Outlook" />
    </Product>
</Add>
<Display Level="Full" AcceptEULA="TRUE" />
</Configuration>
<!--  OInstallSetting Branch=2  -->
<!--  OInstallSetting Office=0  -->
<!--  OInstallSetting Arch=1  -->
<!--  OInstallSetting Lang=39  -->
